id,activity__length,activity__maximum,activity__mean,activity__median,activity__minimum,activity__standard_deviation,activity__sum_values,activity__variance
1,28502.0,1296.0,66.62771033611676,1.0,0.0,124.1677373386621,1899023.0,15417.626995802982
2,18301.0,811.0,63.40593410196164,11.0,0.0,93.73570767053131,1160392.0,8786.382892495303
6,17333.0,971.0,79.92638319967692,29.0,0.0,108.82510183932739,1385364.0,11842.902790339976
10,18639.0,803.0,35.988196791673374,2.0,0.0,60.64750025922058,670784.0,3678.1192876921605
12,19128.0,2918.0,90.05860518611459,11.0,0.0,171.41453397035158,1722641.0,29382.942456272813
14,18993.0,2028.0,76.77575949033854,12.0,0.0,125.40821481152636,1458202.0,15727.22034221394
16,18610.0,2764.0,83.07254164427727,7.0,0.0,140.63706096228177,1545980.0,19778.782916108554
21,19469.0,955.0,58.42436694231856,1.0,0.0,96.37917031021952,1137464.0,9288.9444696863
